customer_id,firstname,lastname,email,phone_number,address
1,Alfons,Phillip,aphillip0@naver.com,3543591385,4 Tomscot Pass
2,Katerina,Lutas,klutas1@1688.com,1891459981,03 Elka Plaza
3,Margarete,Wodeland,mwodeland2@businesswire.com,5213653373,05172 Porter Center
4,Emmy,Biddulph,ebiddulph3@mit.edu,5147565965,943 Old Shore Trail
5,Alric,Bruckental,abruckental4@redcross.org,7579428851,15722 Sundown Street
6,Heddi,Nicolson,hnicolson5@cnbc.com,2198672644,596 Sunnyside Street
7,Lilias,Cousins,lcousins6@hud.gov,3734056555,6464 Summit Parkway
8,Tammi,Mulrean,tmulrean7@answers.com,3262527274,39959 Meadow Valley Way
9,Philip,Bestman,pbestman8@ed.gov,6687179527,9850 Vernon Trail
10,Nathanael,Hadgraft,nhadgraft9@fotki.com,8248857869,30 Hoffman Parkway
11,Edin,Perris,eperrisa@discuz.net,8342017690,378 Gateway Way
12,Neel,Triswell,ntriswellb@businesswire.com,2815778149,0299 Nelson Trail
13,Arlee,Tott,atottc@nhs.uk,2407427652,6426 Moose Pass
14,Rosina,Harvard,rharvardd@nba.com,6356913505,2542 Bluejay Drive
15,Murray,Yardley,myardleye@cbslocal.com,1994194387,19 Northland Pass
16,Krystalle,Chmiel,kchmielf@issuu.com,9677792865,16522 Carioca Crossing
17,Hermia,O'Corren,hocorreng@ucla.edu,3642633622,620 Northridge Circle
18,Alexandros,MacNelly,amacnellyh@cornell.edu,3285659470,2 Schmedeman Circle
19,Lira,Gilbeart,lgilbearti@state.gov,1124080730,590 Brentwood Alley
20,Ros,Pierse,rpiersej@jiathis.com,9229463746,8883 Morningstar Crossing
21,Pooh,McQuie,pmcquiek@goo.gl,5553920592,94 Haas Point
22,Yance,O'Crevy,yocrevyl@nhs.uk,9073650523,79881 Grover Junction
23,Jayme,Crossan,jcrossanm@newyorker.com,6419105980,60 Ludington Place
24,Kiele,Grimsdith,kgrimsdithn@bloglines.com,9444941652,3 Stephen Plaza
25,Mireielle,Wreiford,mwreifordo@deliciousdays.com,9266311253,9 Del Sol Road
26,Joni,Twinning,jtwinningp@rambler.ru,8596589270,71 Washington Terrace
27,Ervin,Cristou,ecristouq@virginia.edu,7727558808,0038 High Crossing Pass
28,Clemmy,Wilford,cwilfordr@google.co.jp,8028483276,8 Hoard Drive
29,Cora,Goley,cgoleys@google.pl,4012672577,770 Morning Plaza
30,Isacco,Battlestone,ibattlestonet@github.com,6017039048,9443 Sutherland Place
31,Adriano,Blofield,ablofieldu@soup.io,1869338569,41756 Mitchell Road
32,Milzie,Burne,mburnev@amazon.de,3852936275,7550 Farragut Pass
33,Wyatan,Hasling,whaslingw@stanford.edu,6421149189,54 Calypso Plaza
34,Pail,Tidball,ptidballx@bbb.org,9993634246,74958 Schmedeman Center
35,Jandy,Livesey,jliveseyy@tinyurl.com,1458285255,5692 High Crossing Lane
36,Henrie,Seviour,hseviourz@bizjournals.com,3821020465,7 Boyd Pass
37,Sigfried,McGlew,smcglew10@amazon.de,3588794250,2652 Orin Terrace
38,Marcelle,Dibdin,mdibdin11@earthlink.net,3208417582,4138 Doe Crossing Trail
39,Gracie,Caroline,gcaroline12@arizona.edu,5696412355,814 Anhalt Terrace
40,Lazar,Flori,lflori13@a8.net,4079432398,25990 Becker Street
41,Richy,Umpleby,rumpleby14@apple.com,1511713803,0718 Melody Drive
42,Hercules,Siddeley,hsiddeley15@miitbeian.gov.cn,5699230582,7 Lawn Trail
43,Glynn,Got,ggot16@usnews.com,4104617803,4 Fairview Crossing
44,Blisse,Tour,btour17@e-recht24.de,1252960150,477 Esch Place
45,Lauralee,Lemmertz,llemmertz18@live.com,3287179036,633 Forster Court
46,Bil,Haddy,bhaddy19@yahoo.com,1434723587,009 Mandrake Center
47,Waylon,Ferronet,wferronet1a@uiuc.edu,5087884862,96578 Helena Street
48,Cirilo,Giacovelli,cgiacovelli1b@facebook.com,7581812765,80 Onsgard Terrace
49,Barbette,Swanne,bswanne1c@rakuten.co.jp,1434059233,2775 Barnett Terrace
50,Thaxter,Drew-Clifton,tdrewclifton1d@odnoklassniki.ru,4201610508,73685 Cherokee Parkway
51,Jasun,Feasby,jfeasby1e@storify.com,1076242011,210 Jenifer Avenue
52,Karine,Mallows,kmallows1f@youtu.be,4748461897,70 Oak Way
53,Ivar,Hakey,ihakey1g@blogs.com,1251979185,3507 Haas Street
54,Hermie,Billitteri,hbillitteri1h@delicious.com,8168917443,33979 Grasskamp Road
55,Cull,Silmon,csilmon1i@gmpg.org,6975358544,4 Village Court
56,Doti,Yannikov,dyannikov1j@phpbb.com,3323319784,65 Loftsgordon Plaza
57,Tim,Yarrow,tyarrow1k@vistaprint.com,2169636644,2485 Maryland Street
58,Carolee,MacLardie,cmaclardie1l@columbia.edu,2305506831,3 Holy Cross Alley
59,Conan,Strephan,cstrephan1m@sbwire.com,4322468800,431 Monica Avenue
60,Stephie,Logue,slogue1n@wufoo.com,5998033733,6 Birchwood Junction
61,Alaster,Radband,aradband1o@ihg.com,3496360854,697 Gale Place
62,Deonne,Haywood,dhaywood1p@tripadvisor.com,2664500227,51 Doe Crossing Center
63,Ashleigh,Emmett,aemmett1q@amazon.de,5629004480,347 Browning Place
64,Marie-ann,Glasman,mglasman1r@cargocollective.com,1182998935,22 Elka Place
65,Helli,Bruster,hbruster1s@sbwire.com,4121225834,0 Brickson Park Junction
66,Yetta,Osbourn,yosbourn1t@blogtalkradio.com,6315487539,002 Rowland Trail
67,Drucie,Gunstone,dgunstone1u@huffingtonpost.com,4862594585,7562 Havey Point
68,Linc,Showler,lshowler1v@wiley.com,4288335423,3 Dorton Alley
69,Alaric,Splaven,asplaven1w@weather.com,5793673598,6981 Shasta Pass
70,Kennith,Gai,kgai1x@slate.com,3525461557,781 Brown Place
71,Judy,Cawood,jcawood1y@odnoklassniki.ru,4059178548,76218 Marquette Parkway
72,Chrissie,Leipold,cleipold1z@php.net,1761451135,1 Grim Road
73,Ralf,Ecclesall,recclesall20@timesonline.co.uk,5401140060,60 North Pass
74,Korrie,Wisam,kwisam21@dedecms.com,7078671303,1 Northridge Lane
75,Kayne,Channer,kchanner22@jimdo.com,5908105239,87 Talmadge Trail
76,Silvester,Habbert,shabbert23@theguardian.com,8908249682,59 Heath Crossing
77,Carlyn,Carass,ccarass24@istockphoto.com,3658626092,48 Eggendart Circle
78,Malanie,Aime,maime25@vkontakte.ru,5126819730,3237 Longview Way
79,Lettie,Moulster,lmoulster26@earthlink.net,4081669074,380 Mitchell Street
80,Tarrance,Arzu,tarzu27@diigo.com,1846695816,88 Cardinal Point
81,Nathan,Ventam,nventam28@elegantthemes.com,3201098398,6 Packers Point
82,Homere,Arnout,harnout29@weather.com,1472546472,7 Mayer Road
83,Courtenay,Durtnel,cdurtnel2a@facebook.com,6691511885,386 Independence Alley
84,Lorette,Olech,lolech2b@histats.com,5283957275,86904 Fremont Way
85,Marty,Mizen,mmizen2c@alexa.com,2879102718,9 Hovde Center
86,Merrili,Klampk,mklampk2d@archive.org,6421546846,8 Vermont Park
87,Fara,Cremin,fcremin2e@newsvine.com,6551705220,4 Continental Street
88,Marie-ann,Yerrington,myerrington2f@miibeian.gov.cn,7663794254,0131 Forest Run Drive
89,Neils,Dey,ndey2g@mail.ru,3596433711,90 American Ash Road
90,Jakie,Waszkiewicz,jwaszkiewicz2h@google.pl,3519813845,4 1st Way
91,Davidde,Brehault,dbrehault2i@live.com,9544211927,053 Old Shore Trail
92,Roanne,Acton,racton2j@slideshare.net,4031817443,7 Reinke Alley
93,Isabella,Spacey,ispacey2k@weather.com,4908880070,5294 Sullivan Alley
94,Wilek,Beall,wbeall2l@mail.ru,5442514384,15 Doe Crossing Junction
95,Dorothy,Devons,ddevons2m@typepad.com,4055682005,307 Butterfield Crossing
96,Phillis,Dyte,pdyte2n@simplemachines.org,7992776015,9 Norway Maple Center
97,Antonin,Whawell,awhawell2o@wikipedia.org,3059069019,6746 Superior Parkway
98,Jaclin,Ludovici,jludovici2p@chron.com,6582969143,5 Vermont Drive
99,Rosabel,Krelle,rkrelle2q@nps.gov,1792139946,102 Straubel Alley
100,Deidre,Drysdall,ddrysdall2r@wufoo.com,9845337192,30 Thierer Pass
101,Ransom,Michelet,rmichelet2s@fastcompany.com,6444967543,87 Lakewood Lane
102,Liv,McClenan,lmcclenan2t@xrea.com,7728952345,8 Schmedeman Way
103,Kynthia,Larkworthy,klarkworthy2u@independent.co.uk,5208616991,1080 Maple Wood Crossing
104,Alfreda,Reilly,areilly2v@dailymail.co.uk,2241184382,04807 Bartelt Trail
105,Fielding,Windeatt,fwindeatt2w@msn.com,3438938309,3 Lakeland Court
106,Berne,McShane,bmcshane2x@reverbnation.com,6321577321,58038 Waywood Pass
107,Lianne,Chomley,lchomley2y@apple.com,3542582901,76216 Dennis Avenue
108,Forrest,Southcott,fsouthcott2z@i2i.jp,8367996750,2261 Manley Road
109,Inness,Stansall,istansall30@newsvine.com,5681765836,5 Tony Crossing
110,Jeanette,Preator,jpreator31@networkadvertising.org,5295805682,852 Ramsey Trail
111,Gracia,Sharphouse,gsharphouse32@dyndns.org,7257896945,97095 Maywood Pass
112,Alisa,Pegg,apegg33@epa.gov,8292936864,10 Moland Point
113,Carola,Petr,cpetr34@ftc.gov,1975207380,664 Anhalt Place
114,Nelly,Lowen,nlowen35@aboutads.info,1402475417,3036 Sunnyside Road
115,Nessie,Pavelin,npavelin36@delicious.com,9835341304,72176 Chive Lane
116,Clemens,Bampfield,cbampfield37@shareasale.com,1974296735,6665 Mcguire Hill
117,Carolyne,Gregh,cgregh38@g.co,3568964235,03 Anniversary Road
118,Willow,Smithson,wsmithson39@timesonline.co.uk,2929431717,99409 Hermina Street
119,Collen,Leal,cleal3a@cbslocal.com,4814076801,68 Del Sol Point
120,Tatum,Vagg,tvagg3b@51.la,1777898217,80362 Hollow Ridge Terrace
121,Pren,Piggens,ppiggens3c@narod.ru,1432300371,649 Clemons Junction
122,Krispin,McIver,kmciver3d@istockphoto.com,5971566568,0811 Becker Plaza
123,Rosabel,Normanvill,rnormanvill3e@reverbnation.com,5886583075,77 Elmside Junction
124,Candida,Ellif,cellif3f@about.me,5243178532,6 Elgar Street
125,Jacquetta,Askaw,jaskaw3g@simplemachines.org,2392889003,32777 Porter Place
126,Dulcea,Dodman,ddodman3h@army.mil,2315724637,826 Jackson Way
127,Banky,Meachen,bmeachen3i@elegantthemes.com,4347174438,99 Loftsgordon Point
128,Bastian,Robbert,brobbert3j@gravatar.com,3651095184,1604 Lakeland Plaza
129,Berte,Barnshaw,bbarnshaw3k@cbslocal.com,4226424201,08 Bartillon Pass
130,Ethelind,MacComiskey,emaccomiskey3l@paypal.com,8671605256,144 Sugar Alley
131,Josiah,Eaglestone,jeaglestone3m@wired.com,6864039747,810 High Crossing Alley
132,Rosalia,Ticehurst,rticehurst3n@nationalgeographic.com,4225752462,2466 Warner Parkway
133,Grantham,Syms,gsyms3o@angelfire.com,9778413065,9 Ronald Regan Lane
134,Mireielle,Mounfield,mmounfield3p@fc2.com,9233681320,061 Carey Hill
135,Madge,Kinchington,mkinchington3q@gravatar.com,2537538852,6529 Butternut Drive
136,Northrup,Loody,nloody3r@ning.com,9223156306,5781 Butterfield Circle
137,William,Plank,wplank3s@tripod.com,8116181066,55 Spohn Plaza
138,Nikoletta,Kordova,nkordova3t@google.co.uk,5182560696,503 Quincy Park
139,Sandro,Cotterell,scotterell3u@wufoo.com,5696165844,3 Goodland Parkway
140,Aarika,Wapple,awapple3v@washingtonpost.com,9765835112,90 Helena Terrace
141,Ripley,Mathon,rmathon3w@i2i.jp,5924188423,46 Towne Circle
142,Rosalind,Allner,rallner3x@webeden.co.uk,5721148251,905 Comanche Street
143,Lillian,Colclough,lcolclough3y@arstechnica.com,3789750175,0838 Redwing Point
144,Irena,Berends,iberends3z@wsj.com,5958024163,697 Lyons Plaza
145,Rik,Bottby,rbottby40@senate.gov,7049694465,2265 Judy Street
146,Patrizius,Roch,proch41@shinystat.com,7209210653,36 Fallview Street
147,Lane,Sprade,lsprade42@earthlink.net,3359593961,4 Green Trail
148,Ahmed,Brideau,abrideau43@chron.com,7025031726,0 6th Point
149,Hashim,Standeven,hstandeven44@plala.or.jp,9206624129,7 Portage Place
150,Shauna,Hurdwell,shurdwell45@tinyurl.com,4831450268,02 Emmet Alley
151,Nicko,Raulston,nraulston46@dot.gov,9507214994,55 Orin Park
152,Joscelin,Crenshaw,jcrenshaw47@oakley.com,1756293367,6 Melvin Road
153,Ermanno,Sangwin,esangwin48@dion.ne.jp,4593040617,6932 Miller Circle
154,Kimble,Congdon,kcongdon49@hibu.com,5566569374,78 Mcguire Trail
155,Nathanil,Torresi,ntorresi4a@dedecms.com,5157026485,4 Thierer Road
156,Waldon,Twatt,wtwatt4b@state.tx.us,6945779274,4 Sachs Road
157,Jannel,Quinion,jquinion4c@mashable.com,9712209525,999 Katie Way
158,Valeria,Whacket,vwhacket4d@cloudflare.com,8111703703,84268 Dovetail Crossing
159,Gamaliel,Pinnigar,gpinnigar4e@abc.net.au,6174636799,277 Springs Parkway
160,Theo,Capey,tcapey4f@europa.eu,4664540672,7249 Surrey Lane
161,Yovonnda,Bairstow,ybairstow4g@elegantthemes.com,5508980396,57294 Hooker Avenue
162,Cloris,Wolters,cwolters4h@friendfeed.com,3365212314,8256 Susan Park
163,Blaire,Wilcher,bwilcher4i@eepurl.com,1506954260,859 3rd Lane
164,Petronella,Jendrich,pjendrich4j@unesco.org,7672751078,1689 Waywood Alley
165,Krystle,Lardeux,klardeux4k@scribd.com,9859679082,19 Esch Drive
166,Babita,Stathers,bstathers4l@mysql.com,6087684531,28343 Cardinal Road
167,Curtis,Rings,crings4m@artisteer.com,7645905146,53414 Kenwood Street
168,Caitlin,Dwelling,cdwelling4n@psu.edu,7349735582,05065 Mcbride Drive
169,Westbrook,Ateggart,wateggart4o@state.gov,8636927995,2 Northland Point
170,Dora,Grimm,dgrimm4p@mediafire.com,8425557525,62453 Blaine Park
171,Dom,Folliss,dfolliss4q@1und1.de,8962282238,1 Memorial Pass
172,Nels,Troop,ntroop4r@ycombinator.com,3914593660,1 Pepper Wood Crossing
173,Doloritas,Croyden,dcroyden4s@addtoany.com,5194056162,034 Lillian Trail
174,Germayne,Constantine,gconstantine4t@buzzfeed.com,6663086939,00 Arizona Parkway
175,Douglas,Pointer,dpointer4u@google.com.hk,7462977727,85334 Canary Lane
176,Bram,Stitfall,bstitfall4v@icio.us,4691111234,71951 Lotheville Trail
177,Barclay,Rosencrantz,brosencrantz4w@tinypic.com,3801332095,41 Evergreen Point
178,Karalynn,Broome,kbroome4x@yellowbook.com,1753658586,8663 Sundown Point
179,Rica,Rawsen,rrawsen4y@unc.edu,3644350704,8258 Saint Paul Street
180,Tammi,Densie,tdensie4z@webmd.com,2126212804,96 Raven Junction
181,Sonnie,Going,sgoing50@addthis.com,5208002375,19931 Hanover Pass
182,Waldemar,Scholcroft,wscholcroft51@ovh.net,3728302004,5384 4th Junction
183,Poppy,Pyott,ppyott52@parallels.com,4695724184,3710 Oneill Park
184,Durante,Dorant,ddorant53@wisc.edu,5823501716,850 Shoshone Street
185,Alberik,Vinas,avinas54@webnode.com,4633016113,720 Merry Way
186,Tracy,Rodgers,trodgers55@oaic.gov.au,1055692891,8403 Arkansas Alley
187,Rowan,Billo,rbillo56@godaddy.com,1171919151,78745 7th Avenue
188,Marley,Mounter,mmounter57@freewebs.com,4108401686,6299 Duke Way
189,Mariska,Touzey,mtouzey58@behance.net,5518248859,561 Mayer Lane
190,Murial,Sagg,msagg59@1688.com,3902049732,555 Jana Alley
191,Ian,Axten,iaxten5a@acquirethisname.com,1544731105,52930 Granby Junction
192,Marmaduke,Lowndsborough,mlowndsborough5b@sogou.com,5464619280,88676 Lawn Pass
193,Bondon,Surmon,bsurmon5c@mac.com,1768418724,018 Forest Dale Parkway
194,Karla,Voysey,kvoysey5d@blinklist.com,8216242611,07071 Pawling Center
195,Patsy,Guess,pguess5e@ftc.gov,7927916826,898 Dorton Point
196,Dorothee,Dobrovsky,ddobrovsky5f@booking.com,6288536626,6579 Sundown Parkway
197,Bary,Bullus,bbullus5g@ihg.com,8301381255,7 Starling Hill
198,Ragnar,Ogles,rogles5h@slate.com,7937112996,634 Nelson Center
199,Boycie,Cale,bcale5i@blogger.com,9602031149,43 Mendota Park
200,Silvain,Lideard,slideard5j@discovery.com,3013135295,04081 Hoffman Road
201,Omar,Daintree,odaintree5k@wordpress.com,4533381713,74 Canary Court
202,Trudie,Cazin,tcazin5l@blog.com,6463713105,40 Transport Crossing
203,Chicky,Morden,cmorden5m@economist.com,5659316851,06 North Alley
204,Nickie,Ezele,nezele5n@etsy.com,9541315270,77 Cottonwood Hill
205,Wayland,Danser,wdanser5o@huffingtonpost.com,7396592646,05 Blaine Center
206,Thayne,Barwis,tbarwis5p@webs.com,3999474186,807 Prairie Rose Circle
207,Adorne,Flannery,aflannery5q@privacy.gov.au,5848408752,40 Lyons Park
208,Ruthie,Yitshak,ryitshak5r@hibu.com,6583437479,413 Bellgrove Junction
209,Hymie,Rotte,hrotte5s@eventbrite.com,1379437666,1194 Golden Leaf Way
210,Frants,Travis,ftravis5t@lulu.com,7415907415,41711 Portage Circle
211,Fidela,Sterrick,fsterrick5u@oracle.com,9616903554,14618 Hayes Alley
212,Lynde,Pechell,lpechell5v@cdbaby.com,1279446694,38310 Vera Parkway
213,Pavla,Dain,pdain5w@123-reg.co.uk,6231582368,5958 Graceland Street
214,Leonelle,Cuxon,lcuxon5x@ft.com,7251932164,768 Mandrake Park
215,Janey,Izod,jizod5y@kickstarter.com,5212504247,376 Donald Plaza
216,Samaria,Margarson,smargarson5z@deliciousdays.com,5324257777,988 Iowa Drive
217,Kip,Marvell,kmarvell60@wufoo.com,9688335315,62 Waubesa Pass
218,Kahaleel,Fullagar,kfullagar61@networkadvertising.org,2985922671,93664 Gina Street
219,Nedda,D'Aubney,ndaubney62@chron.com,7641477363,8 Carioca Pass
220,Johannah,Chasier,jchasier63@pcworld.com,6314052677,04 Sage Lane
221,Wilfrid,MacEvilly,wmacevilly64@ucla.edu,6618202865,4490 Crescent Oaks Parkway
222,Maurine,Van der Beek,mvanderbeek65@yolasite.com,8533013942,3385 Mallory Street
223,Tonia,Alfonzo,talfonzo66@time.com,9073048178,69 Loftsgordon Park
224,Gard,Reubbens,greubbens67@businesswire.com,7458738887,12908 Iowa Crossing
225,Daffie,Vassall,dvassall68@harvard.edu,3469358071,5629 Summer Ridge Road
226,Nancey,Fassan,nfassan69@yelp.com,8523203008,776 Meadow Valley Junction
227,Bryanty,Sherer,bsherer6a@bizjournals.com,5068256181,49308 Oak Valley Terrace
228,Darill,Presdee,dpresdee6b@eventbrite.com,2581014838,72 Grasskamp Center
229,Tonia,Lattey,tlattey6c@netlog.com,2343740552,1616 Scofield Court
230,Merv,Moncur,mmoncur6d@oakley.com,4667719069,1 Comanche Crossing
231,Guendolen,Ransom,gransom6e@google.es,9983795291,53 Lighthouse Bay Crossing
232,Etti,Gascard,egascard6f@last.fm,3457453773,171 Eastlawn Road
233,Clare,Eaddy,ceaddy6g@de.vu,3947461077,437 Westend Crossing
234,Addie,Allwright,aallwright6h@blogtalkradio.com,8615939714,93 Crownhardt Junction
235,Marmaduke,Huyhton,mhuyhton6i@typepad.com,8283112291,08120 Carey Park
236,Aldis,Grayshan,agrayshan6j@lulu.com,8167360249,0551 Fordem Hill
237,Marcille,Hinge,mhinge6k@plala.or.jp,5045784478,97418 Dapin Place
238,Goober,Cubbino,gcubbino6l@kickstarter.com,1414979178,84093 Reinke Road
239,Gisela,Spenton,gspenton6m@163.com,5292179569,7978 Schmedeman Junction
240,Norry,Isles,nisles6n@fda.gov,6904335969,90726 Boyd Hill
241,Isidore,Kitman,ikitman6o@ft.com,1111149798,93 Graceland Crossing
242,Floyd,Wedon,fwedon6p@chron.com,5908279619,8654 Harper Parkway
243,Vanessa,Jeandot,vjeandot6q@smugmug.com,1844488228,53 Charing Cross Circle
244,Alfonso,Swinford,aswinford6r@umich.edu,5313267280,68 Dunning Pass
245,Sibella,Hamill,shamill6s@github.io,6514292842,41999 Schmedeman Avenue
246,Edik,Lanon,elanon6t@issuu.com,3061196595,27054 Claremont Way
247,Henryetta,O'Rourke,horourke6u@dion.ne.jp,9946414298,3 Milwaukee Point
248,Dorene,Edworthye,dedworthye6v@51.la,6308831037,33 Eliot Circle
249,Tammy,Thurlborn,tthurlborn6w@opensource.org,7061498083,843 Linden Point
250,Idell,Bukac,ibukac6x@hao123.com,4214562682,82697 Myrtle Way
251,Gail,Fakes,gfakes6y@nytimes.com,3818811778,79 Pine View Court
252,Elisabet,Evemy,eevemy6z@free.fr,7062507342,5 Thierer Hill
253,Edee,Cockshott,ecockshott70@cnbc.com,3281398865,98 Sunnyside Street
254,Juliana,Ismead,jismead71@epa.gov,8562183587,8783 Montana Pass
255,Kermy,Loveday,kloveday72@google.fr,6829854165,2600 Kipling Crossing
256,Mile,Hales,mhales73@vkontakte.ru,9688978683,9064 Sachs Street
257,Ingemar,Geri,igeri74@hatena.ne.jp,4008292617,048 Reinke Crossing
258,Arabela,House,ahouse75@hao123.com,1102962561,490 Moland Way
259,Cindie,Papachristophorou,cpapachristophorou76@google.cn,9876841042,4314 Loomis Crossing
260,Jorgan,Flatte,jflatte77@fema.gov,9254339113,099 Stoughton Park
261,Opal,aManger,oamanger78@cornell.edu,9132551454,5 Michigan Drive
262,Loree,Readwin,lreadwin79@cnbc.com,5586121686,87 Clove Terrace
263,Melli,Wynne,mwynne7a@discuz.net,8546874969,90935 Brentwood Center
264,Iggy,Granville,igranville7b@whitehouse.gov,5025419471,38 Fordem Terrace
265,Livy,Hartly,lhartly7c@tumblr.com,8164072233,598 Kropf Way
266,Augustine,Danigel,adanigel7d@a8.net,9498416107,43 Bunting Alley
267,Clarine,Swindle,cswindle7e@amazonaws.com,6516615101,676 Westridge Lane
268,Bebe,Hulks,bhulks7f@google.es,4051450007,93653 Hallows Court
269,Cami,Gynne,cgynne7g@slideshare.net,2112759801,8 Hollow Ridge Junction
270,Deidre,Leathley,dleathley7h@state.gov,8185034629,2 Schiller Center
271,Kerri,Gue,kgue7i@theglobeandmail.com,4476756561,5906 Comanche Drive
272,Mendy,Senogles,msenogles7j@devhub.com,5656504199,37237 Annamark Drive
273,Urson,Berryman,uberryman7k@hostgator.com,1283516048,3976 Blaine Parkway
274,Tam,Donat,tdonat7l@toplist.cz,3748104733,625 Hudson Place
275,Linnea,Yanukhin,lyanukhin7m@scribd.com,8719329243,399 Buhler Pass
276,Elroy,Pietersma,epietersma7n@pcworld.com,2492083836,0 Hoffman Way
277,Dara,Frisdick,dfrisdick7o@a8.net,7412826541,3124 Melvin Circle
278,Raven,Carloni,rcarloni7p@ovh.net,7855894177,854 Spenser Junction
279,Elvira,Torrans,etorrans7q@newyorker.com,1625516067,25997 Stephen Pass
280,Marielle,Dod,mdod7r@umn.edu,1078453737,37 Superior Park
281,Kala,Horsell,khorsell7s@fc2.com,5526071276,5249 Schmedeman Street
282,Avie,Massy,amassy7t@goo.gl,9362135248,3 Marcy Circle
283,Sharleen,Warlow,swarlow7u@addtoany.com,7429519309,8 Rusk Park
284,Fremont,Burghill,fburghill7v@t-online.de,1898765488,6 John Wall Lane
285,Byron,Ashbolt,bashbolt7w@ox.ac.uk,5106486977,23 Stuart Center
286,Malachi,Dockrey,mdockrey7x@cocolog-nifty.com,2815743399,2 Prairieview Center
287,Cointon,Royl,croyl7y@diigo.com,7077774378,9 Dexter Junction
288,Christoper,Baty,cbaty7z@omniture.com,8554709324,6132 Village Green Avenue
289,Elaina,Duncan,eduncan80@ucsd.edu,1748739975,414 7th Parkway
290,Othilie,Grzegorecki,ogrzegorecki81@geocities.com,1992152511,3 East Pass
291,Karie,King,kking82@ibm.com,8967854109,9744 John Wall Park
292,Raynell,Ferraro,rferraro83@163.com,9055716775,27480 Burrows Road
293,Tomkin,Vause,tvause84@moonfruit.com,5583566105,627 Texas Point
294,Kris,McJury,kmcjury85@java.com,6623366793,6072 Banding Park
295,Michal,La Batie,mlabatie86@sun.com,6355470036,0 Mayer Pass
296,Chancey,Butter,cbutter87@livejournal.com,3147636553,5818 Golden Leaf Court
297,Bradley,Glenton,bglenton88@ameblo.jp,8179674550,5780 Sommers Point
298,Yetty,Astill,yastill89@themeforest.net,7811871738,39 Riverside Lane
299,Diego,Breawood,dbreawood8a@netscape.com,1581157784,1 Stephen Hill
300,Cleopatra,Illyes,cillyes8b@hostgator.com,2793791896,577 Randy Circle
301,Jaine,von Nassau,jvonnassau8c@slashdot.org,3236152709,0 Schurz Center
302,Clare,O'Sculley,cosculley8d@cnet.com,8241212978,088 Logan Parkway
303,Lilli,Blacksland,lblacksland8e@java.com,4712061075,1619 Bashford Terrace
304,Henrietta,Willoughby,hwilloughby8f@marriott.com,6717156487,6702 Ronald Regan Park
305,Randie,Drivers,rdrivers8g@phoca.cz,1107771789,1 Messerschmidt Parkway
306,Brinn,Browell,bbrowell8h@yale.edu,7806724756,2 Granby Way
307,Gaven,Langdale,glangdale8i@dot.gov,6504074284,15 Eliot Alley
308,Doloritas,Bretton,dbretton8j@reference.com,9625086539,7 Lillian Avenue
309,Tamera,Keune,tkeune8k@amazon.com,8429825974,2 Colorado Street
310,Geralda,McKinnon,gmckinnon8l@surveymonkey.com,2834567364,00 Memorial Point
311,Wenonah,Gammon,wgammon8m@webmd.com,8999009559,312 Alpine Crossing
312,Yank,Tate,ytate8n@studiopress.com,2294178959,5 Hagan Alley
313,Uriah,Doumer,udoumer8o@typepad.com,8223548320,5 Golf Course Road
314,Willard,Oda,woda8p@washington.edu,5924175770,862 Mayfield Junction
315,Emmy,Harlock,eharlock8q@pbs.org,1475403490,278 Tomscot Trail
316,Brent,Corderoy,bcorderoy8r@so-net.ne.jp,3295342143,34055 Dixon Center
317,Cher,Convery,cconvery8s@ebay.co.uk,2742936763,2 Kenwood Circle
318,Fergus,Tousey,ftousey8t@bravesites.com,6726475494,7473 Talisman Alley
319,Langston,Benka,lbenka8u@mit.edu,1318146573,98742 Thompson Hill
320,Zelda,Lowne,zlowne8v@statcounter.com,2068993757,92880 Morning Court
321,Merline,Orans,morans8w@rediff.com,7772289430,214 Elgar Park
322,Moore,Pykett,mpykett8x@cnbc.com,8075656789,09010 International Place
323,Aggy,Hubbert,ahubbert8y@tripadvisor.com,6144416991,8 Mcbride Court
324,Alvira,Payton,apayton8z@pinterest.com,8576486473,3 Rowland Park
325,Kessiah,Rollo,krollo90@issuu.com,5028035486,97685 Green Ridge Place
326,Bernardine,Carren,bcarren91@wired.com,7787311614,19288 Autumn Leaf Avenue
327,Kathi,Tennock,ktennock92@businessinsider.com,4339599151,731 Stoughton Crossing
328,Neila,Dakers,ndakers93@smugmug.com,1244093052,91108 Prairieview Street
329,Gates,Botterell,gbotterell94@arstechnica.com,3392200973,9 3rd Pass
330,Shandie,Dockray,sdockray95@zimbio.com,2274939609,7033 Summerview Terrace
331,Weidar,L'oiseau,wloiseau96@fotki.com,1855367063,572 Knutson Street
332,Robinet,De Moreno,rdemoreno97@latimes.com,5632127573,309 Dapin Hill
333,Fey,McCaughan,fmccaughan98@bbc.co.uk,8726325395,15 Lakeland Drive
334,Salaidh,Pithcock,spithcock99@mac.com,2423020355,74 Oak Valley Street
335,Haley,Ould,hould9a@woothemes.com,3712488186,179 Delaware Drive
336,Lewie,Enocksson,lenocksson9b@ehow.com,3472297239,07387 Golf View Trail
337,Bryant,Yakunin,byakunin9c@baidu.com,7222707736,97 Laurel Park
338,Marcelle,Campey,mcampey9d@vistaprint.com,2378713772,5696 Almo Place
339,Darla,Beaves,dbeaves9e@psu.edu,5933509696,8 Kings Circle
340,Hirsch,Downing,hdowning9f@bravesites.com,2366145306,77 Merry Trail
341,Federica,Paver,fpaver9g@rambler.ru,5624062078,200 Monument Pass
342,Amie,Bellward,abellward9h@google.com.br,6481312213,89 Morrow Court
343,Adria,Rappa,arappa9i@chron.com,7306020632,7 Johnson Junction
344,Melodee,Scarsbrooke,mscarsbrooke9j@posterous.com,1274469553,20385 Chive Plaza
345,Farlie,Clapston,fclapston9k@jiathis.com,7465492258,46275 Washington Lane
346,Gradey,McEntee,gmcentee9l@cdbaby.com,6278793411,1 Rusk Crossing
347,Aeriela,Kinig,akinig9m@biglobe.ne.jp,6807335215,9 Anzinger Park
348,Alwyn,Pierrepoint,apierrepoint9n@google.cn,7045824877,1 Independence Crossing
349,Lucina,Uvedale,luvedale9o@freewebs.com,7004489989,60 Nelson Place
350,Kele,cornhill,kcornhill9p@msn.com,9918850090,8311 Carpenter Trail
351,Jena,Ropert,jropert9q@vk.com,6028535230,806 Sachs Center
352,Yule,Arndell,yarndell9r@shinystat.com,8321703253,4098 Lunder Way
353,Duky,Bleas,dbleas9s@bing.com,6176709221,4 Jay Avenue
354,Sarina,Claxson,sclaxson9t@hc360.com,4177247269,47 Steensland Drive
355,Cord,Castelot,ccastelot9u@telegraph.co.uk,4573917242,5955 Oxford Road
356,Lavina,Ungerechts,lungerechts9v@si.edu,1229758747,385 Schlimgen Avenue
357,Dacey,Kunert,dkunert9w@naver.com,8074919429,777 Spenser Drive
358,Ophelia,Fores,ofores9x@chronoengine.com,6384213233,637 Talmadge Alley
359,Wade,Cantera,wcantera9y@state.gov,6847803477,5 Bunting Trail
360,Sherm,Batte,sbatte9z@nationalgeographic.com,8679114168,925 Comanche Lane
361,Aimee,Makin,amakina0@sun.com,7825612847,74225 Northport Street
362,Heda,Tully,htullya1@geocities.jp,4023311215,0 Kinsman Terrace
363,Lev,Jeanneau,ljeanneaua2@technorati.com,2138870040,59 Debs Way
364,Karlik,Le Hucquet,klehucqueta3@1688.com,8168657314,5 Vidon Place
365,Ellette,Crabbe,ecrabbea4@nature.com,7849304228,913 Dorton Parkway
366,Catlee,Klaggeman,cklaggemana5@blinklist.com,5202057669,07941 Del Sol Crossing
367,Elfreda,Coverdill,ecoverdilla6@hc360.com,1036311846,76 Valley Edge Pass
368,Augustine,Paxton,apaxtona7@youtube.com,3653158767,800 Hagan Plaza
369,Harlin,Gylle,hgyllea8@deliciousdays.com,7566241621,6358 Steensland Way
370,Janean,Pedrazzi,jpedrazzia9@yellowpages.com,1075007893,5725 Evergreen Road
371,Vally,Seage,vseageaa@hud.gov,2404279573,4337 Waubesa Point
372,Lucita,Thirtle,lthirtleab@is.gd,9419462363,2 Riverside Alley
373,Roda,Bogue,rbogueac@huffingtonpost.com,6862629039,8 Sullivan Street
374,Scotti,Dietzler,sdietzlerad@trellian.com,5056562141,8 Anderson Pass
375,Eugene,Shimman,eshimmanae@bbc.co.uk,5054454208,3939 Ryan Plaza
376,Ingram,Ward,iwardaf@w3.org,5908984381,6163 Hallows Lane
377,Kata,Farrand,kfarrandag@flickr.com,1973208845,37997 Nevada Park
378,Jermaine,Benham,jbenhamah@dailymotion.com,8059753699,8 Nancy Place
379,Arther,Harrison,aharrisonai@springer.com,3237621543,19964 Dapin Avenue
380,Gregoor,Mapledoram,gmapledoramaj@bizjournals.com,6154079712,7 Hoard Park
381,Faunie,Hove,fhoveak@digg.com,3614027679,9 Maryland Alley
382,Suzi,Sim,ssimal@rambler.ru,4236787265,76 Meadow Ridge Point
383,Ambur,Verry,averryam@netvibes.com,3714400863,117 Swallow Court
384,Chrysler,Cowitz,ccowitzan@amazon.co.uk,8981087444,9 Anderson Plaza
385,Mirella,Arent,marentao@archive.org,3204437775,92 Graceland Junction
386,Adams,Castells,acastellsap@multiply.com,8907204092,7 Ridgeview Court
387,Layla,Cranfield,lcranfieldaq@skype.com,9358277931,2692 Huxley Parkway
388,Casey,Fuge,cfugear@hibu.com,3679564916,33 Nobel Terrace
389,Chaddy,Castree,ccastreeas@plala.or.jp,1757205387,584 Westridge Court
390,Silvana,Dreinan,sdreinanat@is.gd,2514548119,66 Straubel Trail
391,Sebastiano,Salvati,ssalvatiau@google.com.au,3897557622,674 Schlimgen Plaza
392,Harmonie,Egle of Germany,hegleofgermanyav@howstuffworks.com,3602034769,4 Jay Point
393,Desiri,Ridgedell,dridgedellaw@cyberchimps.com,7868432521,19267 Magdeline Parkway
394,Pierre,Reckless,precklessax@cocolog-nifty.com,1938280931,0019 Old Gate Trail
395,Nananne,Herche,nhercheay@soup.io,4619855854,67 Welch Court
396,Wyatt,Bachshell,wbachshellaz@newsvine.com,1327971323,0 Kennedy Alley
397,Jaymee,Cockcroft,jcockcroftb0@yelp.com,8806117905,24529 Hanover Road
398,Dyane,Dorber,ddorberb1@engadget.com,9725343575,31 Crownhardt Point
399,Katharina,Trebbett,ktrebbettb2@washington.edu,6935941506,2 Hollow Ridge Pass
400,Fallon,Cocker,fcockerb3@instagram.com,1904276973,16114 Continental Circle
401,Rhea,Hirth,rhirthb4@jalbum.net,6207762137,8 Dovetail Pass
402,Vernen,Bernadot,vbernadotb5@webnode.com,3661638168,858 Holy Cross Drive
403,Marna,Dhennin,mdhenninb6@fotki.com,7091722239,32 Walton Place
404,Isidora,Whaley,iwhaleyb7@globo.com,4386613327,4 Dixon Terrace
405,Thomasa,Hansbury,thansburyb8@google.com,7705972256,50013 Huxley Place
406,Derek,Badsworth,dbadsworthb9@apache.org,4674884726,53 Declaration Crossing
407,Gregory,Becaris,gbecarisba@ask.com,7542263715,60 Almo Junction
408,Jyoti,Greedyer,jgreedyerbb@surveymonkey.com,3211273880,541 Kim Trail
409,Corine,Toomer,ctoomerbc@slideshare.net,4804601896,11 Hagan Terrace
410,Janessa,Bollins,jbollinsbd@salon.com,7219581768,20 Kingsford Hill
411,Ralina,Pratley,rpratleybe@yale.edu,3947672363,7560 Anzinger Pass
412,Karlene,Balfe,kbalfebf@shinystat.com,3796823692,32180 Mccormick Lane
413,Mariann,Cherrison,mcherrisonbg@canalblog.com,4074883695,5991 Nevada Junction
414,Vonni,Kolakovic,vkolakovicbh@go.com,6823256765,3866 Esch Terrace
415,Constantina,Rens,crensbi@state.gov,2364860165,9200 Nova Parkway
416,Oneida,Coney,oconeybj@theglobeandmail.com,1654704779,6 Homewood Circle
417,Madelin,Traice,mtraicebk@purevolume.com,8301988471,93220 Comanche Center
418,Gabie,Buzek,gbuzekbl@fema.gov,8041291212,490 Crowley Point
419,Galvan,Longhorne,glonghornebm@time.com,7098846728,5 Anzinger Alley
420,Godfrey,Rickarsey,grickarseybn@ebay.co.uk,7323357150,4452 Declaration Drive
421,Aubrey,Aloway,aalowaybo@yahoo.co.jp,9433436925,38400 Dawn Way
422,Farley,Bowerman,fbowermanbp@google.cn,7427009473,19455 La Follette Street
423,Filippo,Kahan,fkahanbq@gov.uk,9876050440,0500 Hoepker Road
424,Shelley,Dell Casa,sdellcasabr@umn.edu,8511699006,52166 Ohio Park
425,Rogerio,Cristoforo,rcristoforobs@eepurl.com,8538661457,108 Vidon Trail
426,Axe,But,abutbt@infoseek.co.jp,7083987387,6380 Pennsylvania Point
427,Bryna,Harbinson,bharbinsonbu@bravesites.com,3326145008,09360 Independence Parkway
428,Kennith,Oldfield-Cherry,koldfieldcherrybv@jimdo.com,3918859131,593 Ramsey Center
429,Jude,Huyge,jhuygebw@si.edu,5188559207,633 Morrow Plaza
430,Gerianne,Patters,gpattersbx@usa.gov,7193398734,75149 Pearson Parkway
431,Dorry,Ceillier,dceillierby@youtube.com,2198651861,28641 Clemons Crossing
432,Lief,Fairclough,lfaircloughbz@cisco.com,8762471621,73083 Donald Road
433,Alfreda,Filmer,afilmerc0@mapy.cz,8143362247,11 Mcbride Way
434,Daryl,Diboll,ddibollc1@cnbc.com,3593283897,0 Holy Cross Center
435,Micki,Simner,msimnerc2@nymag.com,5756860146,17 Riverside Parkway
436,Tana,Frean,tfreanc3@dagondesign.com,8964611724,3 Annamark Parkway
437,Emmerich,Alp,ealpc4@surveymonkey.com,7403340475,834 Sundown Terrace
438,Cherry,Atwater,catwaterc5@vkontakte.ru,1336552486,91420 Morningstar Terrace
439,Jacquie,Fernley,jfernleyc6@cafepress.com,2934850267,46 Browning Pass
440,Godfree,Stancliffe,gstancliffec7@arizona.edu,3777183607,164 Hoard Pass
441,Morgen,Gawn,mgawnc8@opensource.org,7435041551,7 Continental Trail
442,Cicely,Smartman,csmartmanc9@answers.com,2682115244,47363 Sherman Place
443,Trix,Billion,tbillionca@myspace.com,2084529315,4 Roxbury Center
444,Pavlov,Dillintone,pdillintonecb@eepurl.com,5627884423,11964 Fulton Place
445,Aubrey,Pilmoor,apilmoorcc@furl.net,9969475747,0043 Badeau Terrace
446,Jilli,Olivetta,jolivettacd@google.nl,4116576495,906 Pierstorff Park
447,Leesa,Attkins,lattkinsce@chron.com,5511810825,15 Laurel Circle
448,Leonie,Lutz,llutzcf@epa.gov,4454024787,9749 Canary Road
449,Annie,Rozenbaum,arozenbaumcg@answers.com,8817352636,12313 Village Park
450,Evangelia,Ierland,eierlandch@amazon.co.jp,9633104276,1527 Northridge Point
451,Salaidh,Garci,sgarcici@slashdot.org,7555612253,4954 Hollow Ridge Crossing
452,Jackqueline,Vedeshkin,jvedeshkincj@hp.com,8039584201,1214 Nelson Point
453,Cam,Rodda,croddack@homestead.com,9994797456,4875 Green Avenue
454,Mozes,Boyda,mboydacl@latimes.com,9637188034,16355 Northridge Avenue
455,Claudian,Grinston,cgrinstoncm@purevolume.com,7657403671,53302 Blackbird Terrace
456,Robinette,Muncer,rmuncercn@nasa.gov,2778651503,22805 Calypso Trail
457,Sibby,Wade,swadeco@hibu.com,9798348209,2799 Shoshone Court
458,Neysa,Covey,ncoveycp@cbsnews.com,3781091619,0504 Summerview Way
459,Fulton,Littrik,flittrikcq@privacy.gov.au,8889852359,86058 Loeprich Hill
460,Angie,Yashaev,ayashaevcr@spiegel.de,5761646382,34 Forest Park
461,Crissie,Stewart,cstewartcs@freewebs.com,6723118198,6454 Prairie Rose Plaza
462,Milly,Billingsley,mbillingsleyct@creativecommons.org,3963954659,8972 Bobwhite Trail
463,Christophorus,Coumbe,ccoumbecu@mozilla.com,9006025513,3823 Melby Park
464,Angelle,Butterick,abutterickcv@nydailynews.com,1045660091,6268 Thierer Center
465,Chris,Fick,cfickcw@etsy.com,3496948954,0 Melvin Point
466,Darsie,Verrier,dverriercx@abc.net.au,8845255099,128 Londonderry Crossing
467,Dasie,McClure,dmcclurecy@state.gov,1994931395,86 Coleman Street
468,Fergus,Hourahan,fhourahancz@discuz.net,3059046133,166 Meadow Ridge Terrace
469,Moss,Zollner,mzollnerd0@google.it,6362565817,836 Lakewood Gardens Way
470,Meir,Woodroffe,mwoodroffed1@stumbleupon.com,7114495998,7 Cardinal Junction
471,Ryley,Andrini,randrinid2@cargocollective.com,6898979068,83250 Loftsgordon Park
472,Nannette,Full,nfulld3@sun.com,5617565219,8 Waywood Road
473,Hermione,Frearson,hfrearsond4@ihg.com,5021279682,4 Arizona Hill
474,Peterus,Tigwell,ptigwelld5@wix.com,2579701602,213 Gina Lane
475,Langston,Potteril,lpotterild6@eepurl.com,4026664157,893 Schmedeman Terrace
476,Florina,Farrier,ffarrierd7@ning.com,6978216376,421 Prairie Rose Lane
477,Arlyn,Zellmer,azellmerd8@cdbaby.com,9508018371,0 Claremont Place
478,Garry,Lane,glaned9@acquirethisname.com,5041780497,390 Duke Trail
479,Ambrosio,Donaghy,adonaghyda@homestead.com,1767086522,41 Main Way
480,Koralle,Clarkin,kclarkindb@liveinternet.ru,6083508190,78954 Sutteridge Circle
481,Ede,MacKaig,emackaigdc@fotki.com,1643766773,98 Lien Hill
482,Nobe,Bly,nblydd@joomla.org,5295645411,1461 Stone Corner Junction
483,Happy,Kliment,hklimentde@apple.com,1148781702,73 Kipling Street
484,Christiano,Brettelle,cbrettelledf@thetimes.co.uk,5126367201,3612 Porter Parkway
485,Lolly,Whyke,lwhykedg@unc.edu,7838792653,5 Beilfuss Parkway
486,Leland,Merrington,lmerringtondh@gizmodo.com,9564101452,19 Tomscot Court
487,Sylvan,Diamond,sdiamonddi@prnewswire.com,1038933962,0556 Continental Plaza
488,Steffane,Pound,spounddj@ucsd.edu,6015591557,13539 Vidon Park
489,Miner,Melson,mmelsondk@netlog.com,1088187479,40 Brown Junction
490,Mella,Fawdrie,mfawdriedl@unblog.fr,4871776551,581 Fuller Park
491,Herschel,Morgue,hmorguedm@businessweek.com,3285801743,71036 Division Court
492,Georgeanne,Yaldren,gyaldrendn@chronoengine.com,9263721591,1 Daystar Park
493,Wylma,Bayle,wbayledo@boston.com,8242347255,90582 Corben Lane
494,Corette,Scapens,cscapensdp@com.com,8397344590,31 Weeping Birch Pass
495,Jaye,Beste,jbestedq@infoseek.co.jp,9851825095,2237 Alpine Way
496,Barbabas,Kenton,bkentondr@craigslist.org,7509718836,431 Eagan Trail
497,Gabriel,Rourke,grourkeds@imgur.com,9976116360,580 Magdeline Pass
498,Marco,Robertson,mrobertsondt@lulu.com,1596937640,99632 Florence Alley
499,Welbie,Ionnidis,wionnidisdu@ucoz.com,1837836328,15214 Schmedeman Pass
500,Gris,Cardenas,gcardenasdv@shareasale.com,3711307132,12 Northport Center
501,Gerard,Arendsen,garendsendw@vkontakte.ru,1312769711,0 Canary Hill
502,Bernie,Beckmann,bbeckmanndx@storify.com,9043951810,25310 Northfield Plaza
503,Sarge,Jumont,sjumontdy@bloomberg.com,7808182604,14715 Independence Alley
504,Leonanie,Pllu,lplludz@tamu.edu,7032973053,2594 Brentwood Hill
505,Mikkel,Valentinetti,mvalentinettie0@blogger.com,4192886271,59112 Haas Hill
506,Laurence,Legges,lleggese1@nymag.com,7127878343,9841 Russell Court
507,Chase,Hartshorne,chartshornee2@si.edu,2279061071,8066 Monument Parkway
508,Caresa,Humby,chumbye3@opensource.org,9405286459,574 Crescent Oaks Place
509,Noelani,Gilbride,ngilbridee4@webnode.com,5943323519,09 Bashford Avenue
510,Benjamen,Oxlade,boxladee5@4shared.com,6764721496,1926 Ruskin Center
511,Alysia,Digger,adiggere6@mlb.com,9385362424,7 Judy Avenue
512,Pancho,Berriball,pberriballe7@shop-pro.jp,2987613183,55 Derek Pass
513,Myrle,Goundry,mgoundrye8@wikimedia.org,3262818431,72 Ridgeview Drive
514,Sandra,Cristol,scristole9@friendfeed.com,9894143479,9 Monument Crossing
515,Bobbi,Dranfield,bdranfieldea@oakley.com,2371796650,5 Anthes Court
516,Hayward,Pennick,hpennickeb@privacy.gov.au,5573404467,26 Delladonna Avenue
517,Ulrick,Copsey,ucopseyec@squidoo.com,8846334327,560 Bellgrove Street
518,Ingaberg,Bonnin,ibonnined@salon.com,4393041126,53118 Riverside Center
519,Dagmar,Gomme,dgommeee@example.com,4116126952,283 Bonner Way
520,Milicent,Malyan,mmalyanef@economist.com,3072478531,7 Briar Crest Park
521,Rafael,Heijnen,rheijneneg@drupal.org,3967634536,3 Village Green Trail
522,Huberto,Phaup,hphaupeh@joomla.org,4951327390,27837 Clarendon Center
523,Gaultiero,Losselyong,glosselyongei@blogs.com,1116189892,1281 Oak Valley Drive
524,Rayner,Darch,rdarchej@unicef.org,1657647341,91 Dakota Hill
525,Ilka,Easen,ieasenek@washingtonpost.com,1271168050,66 Hagan Drive
526,Chrissy,Rylstone,crylstoneel@japanpost.jp,3974764399,842 Nova Lane
527,Kleon,Consadine,kconsadineem@google.co.uk,3494537018,09832 Park Meadow Alley
528,Francklin,Metschke,fmetschkeen@netscape.com,6051441081,87 Northfield Park
529,Kit,Scrammage,kscrammageeo@zimbio.com,6385327075,43046 Lake View Hill
530,Vasily,Birkhead,vbirkheadep@fda.gov,8337674017,091 Coleman Trail
531,Corey,Hearthfield,chearthfieldeq@theatlantic.com,8004524479,6156 Forest Dale Court
532,Eldridge,Sparrowhawk,esparrowhawker@1und1.de,5098420121,17460 Dryden Center
533,Shelby,Sharland,ssharlandes@umn.edu,8492691127,674 Aberg Point
534,Abbott,Winspurr,awinspurret@sciencedirect.com,6227878716,8970 Loftsgordon Pass
535,Silvano,Horsell,shorselleu@storify.com,1112388945,47 Arkansas Alley
536,Justen,Hunnaball,jhunnaballev@miitbeian.gov.cn,9514426999,5603 Macpherson Circle
537,Alidia,Corderoy,acorderoyew@pen.io,2478036441,89559 David Place
538,Elena,Kidwell,ekidwellex@redcross.org,1622334100,891 Fieldstone Lane
539,Birgitta,Blackborow,bblackborowey@salon.com,2095775836,27 Erie Terrace
540,Katha,Jantot,kjantotez@prlog.org,1913704616,8955 Springs Street
541,Amii,Behrens,abehrensf0@blogspot.com,2308490367,14 Hansons Drive
542,Kipp,Shoebotham,kshoebothamf1@sciencedirect.com,5917459868,68683 Canary Center
543,Nikolaos,Druhan,ndruhanf2@nydailynews.com,9307978056,2346 Anthes Pass
544,Nelly,Maud,nmaudf3@oaic.gov.au,1286627164,9 Cherokee Park
545,Berti,Boxall,bboxallf4@ycombinator.com,7752609669,7335 Independence Lane
546,Ford,Risborough,frisboroughf5@purevolume.com,5411146395,9526 Vidon Parkway
547,Robinetta,Taunton.,rtauntonf6@qq.com,7332274157,5540 Moland Circle
548,Cobby,Beavan,cbeavanf7@umn.edu,5792770950,295 Carioca Circle
549,Ricardo,Corradino,rcorradinof8@angelfire.com,1078296980,44720 Lighthouse Bay Junction
550,Haily,Pople,hpoplef9@google.com,8752223210,3964 Little Fleur Place
551,Dorothee,Bowater,dbowaterfa@amazon.co.jp,5033642911,5884 Division Crossing
552,Rhiamon,Perelli,rperellifb@businessinsider.com,4564975040,819 Monica Way
553,Cinnamon,Thorndale,cthorndalefc@huffingtonpost.com,7814558490,3091 Daystar Avenue
554,Dasha,Pleace,dpleacefd@who.int,4579345256,6 Saint Paul Plaza
555,Alisha,Dagnall,adagnallfe@cbsnews.com,2152533500,8917 Monument Plaza
556,Corbet,Laughren,claughrenff@indiegogo.com,5591161817,2 Vera Park
557,Shawna,Popov,spopovfg@gizmodo.com,7944470238,56 Jackson Center
558,Britney,Kidder,bkidderfh@jalbum.net,4716676294,25 Kedzie Trail
559,Geri,Shilburne,gshilburnefi@printfriendly.com,6722525217,50624 Southridge Crossing
560,Ava,Blowfield,ablowfieldfj@ihg.com,5703438771,1105 Pleasure Avenue
561,Eadith,Bather,ebatherfk@cbslocal.com,7353093183,520 Goodland Road
562,Rozalie,Vacher,rvacherfl@patch.com,5111120439,704 Butternut Avenue
563,Odessa,Oxley,ooxleyfm@nytimes.com,6542486473,78022 Schurz Trail
564,Rufus,Gilbey,rgilbeyfn@alexa.com,5556430166,9657 Bartelt Center
565,Stephana,Lemasney,slemasneyfo@csmonitor.com,7181750213,2 Elka Trail
566,Basile,Hoggan,bhogganfp@engadget.com,8641799244,81786 Longview Point
567,Julie,Kenewel,jkenewelfq@cloudflare.com,3372745852,099 Golf Course Trail
568,Katuscha,Mattingly,kmattinglyfr@php.net,5107842137,70 Blue Bill Park Place
569,Con,Oliphant,coliphantfs@si.edu,2782907107,7 Namekagon Circle
570,Mordecai,Sigart,msigartft@friendfeed.com,3069778245,0 Commercial Court
571,Josiah,Morten,jmortenfu@51.la,4419115304,16 Dawn Alley
572,Catherina,Buttwell,cbuttwellfv@geocities.com,1838055259,2 Saint Paul Trail
573,Noni,Bockmann,nbockmannfw@aboutads.info,8659364065,583 Lerdahl Junction
574,Carroll,Brun,cbrunfx@nyu.edu,8674168112,8 7th Center
575,Vernen,Tunmore,vtunmorefy@geocities.jp,3846502769,58293 Debs Circle
576,Franky,Canepe,fcanepefz@abc.net.au,5757016583,4 Glacier Hill Parkway
577,Esme,Tuck,etuckg0@tmall.com,6985318448,265 Oak Way
578,Marina,Rathjen,mrathjeng1@uol.com.br,6608716086,6 Southridge Park
579,Booth,Mucklo,bmucklog2@amazon.co.uk,4324950907,2142 Dakota Trail
580,Cybill,Kindread,ckindreadg3@theatlantic.com,4701633009,95364 Dexter Road
581,Westleigh,Balazot,wbalazotg4@bbc.co.uk,8678982596,60822 Melrose Parkway
582,Cornelia,Bannister,cbannisterg5@gmpg.org,1034657189,134 Monterey Point
583,Brunhilde,Raoux,braouxg6@independent.co.uk,8641363093,3 Clyde Gallagher Place
584,Jacklyn,Yerby,jyerbyg7@jalbum.net,3451024504,5812 Logan Park
585,Ellerey,Wolpert,ewolpertg8@studiopress.com,7029201116,0340 Derek Terrace
586,Hector,Vannikov,hvannikovg9@xinhuanet.com,7596425049,4 Anhalt Plaza
587,Petunia,Lerhinan,plerhinanga@networkadvertising.org,5468339615,2 Pleasure Parkway
588,Cointon,Argente,cargentegb@ed.gov,5269765846,7980 Roxbury Pass
589,Leonore,Penvarden,lpenvardengc@whitehouse.gov,6193586700,4 Talmadge Hill
590,Bernardo,Domnin,bdomningd@answers.com,5856731958,9552 Chive Pass
591,Janos,Tootal,jtootalge@soundcloud.com,9622511689,6756 Birchwood Drive
592,Celisse,Nissle,cnisslegf@prnewswire.com,4604091668,502 Burning Wood Crossing
593,Cosmo,Wychard,cwychardgg@bravesites.com,1119317510,608 Pankratz Point
594,Bailie,Bolden,bboldengh@cyberchimps.com,4279749721,99732 Twin Pines Trail
595,Delcina,Andriesse,dandriessegi@creativecommons.org,9234271837,0679 Forest Dale Hill
596,Estell,Nesbitt,enesbittgj@apple.com,8536022595,01 Morrow Alley
597,Gary,Kneeshaw,gkneeshawgk@fastcompany.com,9427707265,2 Sommers Park
598,Drake,Stroband,dstrobandgl@spiegel.de,7685011795,16909 Buena Vista Alley
599,Claire,De la croix,cdelacroixgm@marriott.com,8125054241,41 Towne Hill
600,Sioux,Tretwell,stretwellgn@eepurl.com,8547510849,88 Gulseth Road
601,Lauritz,Utley,lutleygo@nba.com,6347241892,4 Talisman Hill
602,Dudley,Katte,dkattegp@google.nl,9703449279,0 Almo Parkway
603,Beatrisa,Montague,bmontaguegq@cbslocal.com,5493133539,30 Elmside Alley
604,Helsa,Normington,hnormingtongr@tamu.edu,5062548133,27330 Jay Junction
605,Nickie,Couche,ncouchegs@msu.edu,1075736291,03 Pepper Wood Parkway
606,Misty,Hylands,mhylandsgt@fc2.com,4445836699,997 Shelley Hill
607,Peggie,Kiltie,pkiltiegu@prlog.org,9463877448,23 Havey Junction
608,Oby,Boss,obossgv@cdc.gov,9971968890,42 Hagan Avenue
609,Bartholomew,Pevsner,bpevsnergw@nytimes.com,9398117689,77 Clarendon Parkway
610,Henryetta,Baynon,hbaynongx@networkadvertising.org,8383199017,37618 Florence Center
611,Ignacio,Brelsford,ibrelsfordgy@cyberchimps.com,8481648385,3 Linden Junction
612,Krispin,Kasbye,kkasbyegz@oracle.com,4886794757,1136 8th Place
613,Lucais,Rockwill,lrockwillh0@usnews.com,4739374977,138 Nevada Court
614,Tome,Scally,tscallyh1@vistaprint.com,5049647533,803 Weeping Birch Place
615,Emmett,Sparrow,esparrowh2@si.edu,1558067250,13005 Luster Place
616,Freeman,Ordemann,fordemannh3@skyrock.com,9152368421,39 Hayes Lane
617,Ogdan,Burnitt,oburnitth4@phoca.cz,2432852403,83 Elka Pass
618,Georgi,aManger,gamangerh5@printfriendly.com,6929246344,08 Brickson Park Crossing
619,Meg,Heisham,mheishamh6@mac.com,6463827147,00981 Schlimgen Avenue
620,Benson,Le Friec,blefriech7@livejournal.com,7528873972,84081 Delaware Park
621,Leonelle,Waples,lwaplesh8@cdbaby.com,7121860892,449 Stoughton Junction
622,Kelby,Hearnah,khearnahh9@mayoclinic.com,3747341933,22 Banding Junction
623,Ann-marie,Murrish,amurrishha@wsj.com,7334603500,82 Hintze Alley
624,Ameline,Riche,arichehb@google.nl,3902335944,04426 Portage Place
625,Delila,Muzzlewhite,dmuzzlewhitehc@biblegateway.com,6114091144,4978 Susan Lane
626,Muire,Meltetal,mmeltetalhd@live.com,6136967467,31332 Muir Terrace
627,Marika,Cultcheth,mcultchethhe@instagram.com,2938261594,739 Arkansas Plaza
628,Viviene,Happel,vhappelhf@nbcnews.com,6629559833,05 Emmet Road
629,Eugenie,Isitt,eisitthg@harvard.edu,9968713076,3111 Alpine Place
630,Kalindi,Grimmett,kgrimmetthh@umich.edu,4294817124,85426 Ronald Regan Lane
631,Ruprecht,Andrioletti,randriolettihi@walmart.com,5139194945,6 Dovetail Alley
632,Glenn,Labon,glabonhj@paginegialle.it,6704810136,0 Packers Street
633,Forester,Cuttler,fcuttlerhk@paypal.com,9111576188,02 Sunfield Lane
634,Erich,Hull,ehullhl@photobucket.com,5875736521,6 Cody Center
635,Carissa,Jacquest,cjacquesthm@google.nl,2492260045,5865 Vahlen Circle
636,Jamill,Cleghorn,jcleghornhn@noaa.gov,4055896928,21 Forest Junction
637,Noreen,Beckley,nbeckleyho@jimdo.com,6349457321,0248 West Alley
638,Milli,Syder,msyderhp@myspace.com,5567279896,8 Fieldstone Junction
639,Bevvy,Basey,bbaseyhq@pen.io,2317708783,2 Montana Avenue
640,Conny,Maccraw,cmaccrawhr@forbes.com,4837317438,167 Ridgeview Road
641,Haley,Babalola,hbabalolahs@paypal.com,7962714486,4634 Schlimgen Terrace
642,Mendie,Armit,marmitht@merriam-webster.com,7398112174,127 Grover Center
643,Kippar,Eagling,keaglinghu@nymag.com,4827269781,59 Mesta Hill
644,Nananne,Salkild,nsalkildhv@ifeng.com,2407275541,45 Corben Alley
645,Fairfax,Prestney,fprestneyhw@telegraph.co.uk,5195196994,62785 Donald Hill
646,Iver,Brinkler,ibrinklerhx@flickr.com,8973225888,2116 Rusk Alley
647,Ancell,Giovannacc@i,agiovannaccihy@irs.gov,6356711315,8402 Killdeer Alley
648,Nadia,Doneld,ndoneldhz@instagram.com,1046575506,4667 Walton Terrace
649,Marilee,Sign,msigni0@prlog.org,6506783245,34041 Laurel Terrace
650,Cornelle,Blagdon,cblagdoni1@miitbeian.gov.cn,6035423747,2467 Dovetail Parkway
651,Lindon,Limprecht,llimprechti2@cargocollective.com,4402783744,4302 Cardinal Center
652,Akim,Faughny,afaughnyi3@behance.net,2538194266,7 Sullivan Junction
653,Thaxter,Brockhurst,tbrockhursti4@wunderground.com,7168677881,9228 Briar Crest Parkway
654,Jereme,Sone,jsonei5@time.com,9056333209,5215 Redwing Plaza
655,Howey,Blacklawe,hblacklawei6@japanpost.jp,3656549727,22 Park Meadow Trail
656,Vale,Heinle,vheinlei7@businessinsider.com,1283971048,941 Packers Hill
657,Odie,Vockings,ovockingsi8@homestead.com,2241961357,1335 Northwestern Road
658,Nollie,Brion,nbrioni9@xinhuanet.com,1165146669,7 Bluejay Place
659,Veradis,Shrimptone,vshrimptoneia@noaa.gov,8869448994,9067 Gulseth Point
660,Roz,Burchill,rburchillib@imgur.com,5159832274,082 Calypso Lane
661,Terencio,Scrivenor,tscrivenoric@infoseek.co.jp,4884312145,016 Upham Lane
662,Codi,Ayrton,cayrtonid@sogou.com,6765944553,545 Hoffman Lane
663,Blakeley,Lanmeid,blanmeidie@wunderground.com,8282737190,10823 Namekagon Center
664,Rodolph,Barribal,rbarribalif@theglobeandmail.com,6166996897,11 Spaight Crossing
665,Simmonds,Poynter,spoynterig@a8.net,9884418617,96 Hanson Alley
666,Vallie,Luckcock,vluckcockih@goodreads.com,9332900147,3434 Morningstar Road
667,Burke,Stollmeyer,bstollmeyerii@cloudflare.com,7374351714,28 Kedzie Parkway
668,Amberly,Bobasch,abobaschij@bluehost.com,4811161403,1424 Anderson Road
669,Lucian,Ellershaw,lellershawik@sitemeter.com,8759063662,08 Village Avenue
670,Berenice,Treacher,btreacheril@wufoo.com,4214319358,0049 Birchwood Center
671,Melly,Ruzicka,mruzickaim@ebay.co.uk,4595029567,4885 3rd Street
672,Cassey,North,cnorthin@skyrock.com,2657704441,586 Fairview Crossing
673,Farlee,Tull,ftullio@behance.net,6435018072,22846 Swallow Trail
674,Neila,Chong,nchongip@instagram.com,2041195786,9 Marquette Alley
675,Bradley,Dumbarton,bdumbartoniq@devhub.com,5726817184,0 Redwing Place
676,Hillary,Christophersen,hchristophersenir@canalblog.com,6391317453,60250 Rusk Drive
677,Fidel,MacKibbon,fmackibbonis@mapy.cz,2175095031,09 Sage Center
678,Beth,Babb,bbabbit@joomla.org,3611104164,3928 Coolidge Junction
679,Kippy,Lineham,klinehamiu@go.com,6281545219,207 Dryden Road
680,Tate,Rubee,trubeeiv@privacy.gov.au,2451228145,62445 Oneill Center
681,Babbette,Gudeman,bgudemaniw@shinystat.com,3714623283,16 Summerview Terrace
682,Vanna,Zoane,vzoaneix@g.co,2719122164,7873 Jana Court
683,Koressa,Buxton,kbuxtoniy@cmu.edu,9265808034,0034 Lyons Junction
684,Agace,Slatford,aslatfordiz@examiner.com,4831901636,56505 Atwood Way
685,Yvonne,Beeze,ybeezej0@netlog.com,6054409451,603 Spohn Trail
686,Brynne,Kinny,bkinnyj1@yelp.com,8935919081,6 Cordelia Plaza
687,Walden,Baumford,wbaumfordj2@shop-pro.jp,6716462724,29182 Westport Place
688,Andriette,Puddephatt,apuddephattj3@sfgate.com,3037018069,294 Pepper Wood Circle
689,Drake,Schole,dscholej4@wisc.edu,1823138663,9 Dovetail Drive
690,Kelci,Borrows,kborrowsj5@example.com,2697164131,4066 5th Crossing
691,Gustav,Dunstan,gdunstanj6@oakley.com,7614822304,78033 Monument Hill
692,Tobie,Demke,tdemkej7@intel.com,9281852157,88452 Fremont Hill
693,Malachi,McGrorty,mmcgrortyj8@hubpages.com,2153721247,8080 Anzinger Pass
694,Jessa,Woodsford,jwoodsfordj9@zimbio.com,6488286098,7437 Helena Crossing
695,Sallee,Worsall,sworsallja@salon.com,5351828863,7224 Lotheville Circle
696,Gabrila,Jaram,gjaramjb@goodreads.com,2645157101,978 Sachs Hill
697,Millie,Seemmonds,mseemmondsjc@wikipedia.org,8422353962,20866 Ronald Regan Circle
698,Felike,Clac,fclacjd@npr.org,5461101635,9340 Basil Circle
699,Phillie,Haste,phasteje@google.com,8621033311,828 Atwood Pass
700,Chas,Woodburn,cwoodburnjf@usgs.gov,5659082317,6 Granby Crossing
701,Gerianna,Bell,gbelljg@nifty.com,5518823279,9 Debs Park
702,Stafford,Beminster,sbeminsterjh@yahoo.com,5626193566,94 Oak Terrace
703,Pierette,Zorener,pzorenerji@answers.com,8029969488,6136 Dunning Trail
704,Gregor,Yanson,gyansonjj@mysql.com,8928325895,17 Dennis Avenue
705,Herold,Brayne,hbraynejk@fema.gov,1968403355,9 Hanson Avenue
706,Gifford,Dunn,gdunnjl@sun.com,4515616084,6 Sugar Lane
707,Stephannie,Dallas,sdallasjm@lycos.com,9257287817,88406 Dixon Pass
708,Babita,Medmore,bmedmorejn@bizjournals.com,1689226538,11 Lindbergh Way
709,Aryn,Caffery,acafferyjo@github.io,1973922706,90 School Terrace
710,Nisse,Bernlin,nbernlinjp@lycos.com,8615172808,644 Coleman Court
711,Karly,Newrick,knewrickjq@answers.com,3472363600,85189 Forest Run Park
712,Shel,Stenhouse,sstenhousejr@nyu.edu,3461204250,55 Transport Center
713,Frederic,Vautin,fvautinjs@nydailynews.com,5648790400,8832 Continental Place
714,Raviv,Oseman,rosemanjt@last.fm,4549932571,7259 Ridgeview Court
715,Valery,Loxley,vloxleyju@last.fm,4094249316,6 Union Alley
716,Cornie,Shingler,cshinglerjv@unc.edu,5263684108,07193 Kennedy Circle
717,Linell,Cockerton,lcockertonjw@amazonaws.com,4157540270,77 Stephen Terrace
718,Carlo,Laurence,claurencejx@auda.org.au,1007645660,8 Mayfield Lane
719,Veronika,Canton,vcantonjy@paginegialle.it,8912597026,9800 Buena Vista Circle
720,Yehudit,Trolley,ytrolleyjz@last.fm,8092255073,92254 Banding Circle
721,Dianna,Von Hindenburg,dvonhindenburgk0@npr.org,9042978138,13202 Starling Pass
722,Jaimie,Skelhorn,jskelhornk1@gov.uk,3839046842,7 Rutledge Parkway
723,Tommi,Barajaz,tbarajazk2@usgs.gov,1845861498,322 Lukken Point
724,Jaquelyn,Teacy,jteacyk3@businessinsider.com,3979418520,60271 Sullivan Parkway
725,Catlin,Mirralls,cmirrallsk4@phpbb.com,7941248398,9 Talmadge Trail
726,Crissy,Mueller,cmuellerk5@xing.com,9101608689,5101 Bellgrove Trail
727,Janella,Childers,jchildersk6@go.com,9012762889,16 Manitowish Trail
728,Clemens,Zoanetti,czoanettik7@csmonitor.com,2998367621,181 Schlimgen Lane
729,Hale,Mapplebeck,hmapplebeckk8@lycos.com,9354308045,5442 Bayside Way
730,Barbara-anne,Cowlin,bcowlink9@google.com.br,4521058847,68121 Muir Terrace
731,Izaak,de Vaen,idevaenka@domainmarket.com,3321342952,676 Kinsman Plaza
732,Kingsley,Brace,kbracekb@wiley.com,8742489476,60559 High Crossing Circle
733,Mikaela,Lamas,mlamaskc@friendfeed.com,6823673220,638 Jay Crossing
734,Ninette,Delacroux,ndelacrouxkd@constantcontact.com,3286260983,6680 Hagan Hill
735,Charyl,Alekhov,calekhovke@apache.org,9172851327,20625 Dakota Parkway
736,Lowrance,Underwood,lunderwoodkf@nhs.uk,6025865174,01221 Scofield Avenue
737,Jasmin,Grendon,jgrendonkg@goodreads.com,7527505097,0990 Grasskamp Junction
738,Shena,Jenkin,sjenkinkh@skype.com,8896724065,06622 Heath Point
739,Bobbee,Eytel,beytelki@angelfire.com,3705004505,278 Pepper Wood Crossing
740,Gusty,Ianno,giannokj@tinyurl.com,6075800331,053 Eastwood Trail
741,Stavros,Gianni,sgiannikk@themeforest.net,1664660686,42123 Thompson Road
742,Durward,Stanners,dstannerskl@bbc.co.uk,4044239463,61 Becker Center
743,Xaviera,Kopps,xkoppskm@cafepress.com,1965874682,7758 Wayridge Parkway
744,Hersch,McGrath,hmcgrathkn@sina.com.cn,7398812394,3 Lerdahl Plaza
745,Romy,Aynscombe,raynscombeko@merriam-webster.com,8323232502,7 Vidon Avenue
746,Liva,Moulin,lmoulinkp@wsj.com,4917772039,6401 Algoma Alley
747,Gerard,Cherrison,gcherrisonkq@narod.ru,1136493799,9171 Old Gate Park
748,Lionello,Ascraft,lascraftkr@accuweather.com,7139546224,8 Scofield Center
749,Buffy,Chevins,bchevinsks@hostgator.com,8443327979,18 Ludington Drive
750,Elicia,Frondt,efrondtkt@lulu.com,4228002025,9 Northport Drive
751,Lindsy,Buss,lbussku@si.edu,7075968203,284 Northridge Park
752,Peder,Serfati,pserfatikv@wiley.com,9241172160,08 Lyons Parkway
753,Artus,McNea,amcneakw@si.edu,6491314492,858 Lillian Court
754,Fayina,Hayball,fhayballkx@google.pl,5098312288,722 Mockingbird Avenue
755,Gianina,Pauletti,gpaulettiky@friendfeed.com,3833551435,613 Laurel Hill
756,Odey,Buckingham,obuckinghamkz@4shared.com,9603528265,86184 Carpenter Court
757,June,Bolsover,jbolsoverl0@networkadvertising.org,4657121986,79991 Esch Crossing
758,Teena,Elleyne,telleynel1@nymag.com,9125236849,20900 La Follette Lane
759,Deidre,de Cullip,ddecullipl2@bravesites.com,9102386638,56662 Briar Crest Street
760,Adrian,Iaduccelli,aiaduccellil3@webeden.co.uk,5726846548,0 Schlimgen Court
761,Loralie,McHarry,lmcharryl4@cdc.gov,9169212934,17 Manitowish Lane
762,Drew,Yakubovics,dyakubovicsl5@yolasite.com,7891304859,2 Butternut Plaza
763,Sigmund,MacConnal,smacconnall6@deviantart.com,7634084609,270 Lakewood Parkway
764,Dunn,Huckabe,dhuckabel7@scribd.com,7103262604,67553 Blue Bill Park Crossing
765,Hortensia,Errett,herrettl8@netvibes.com,9763577897,900 Declaration Street
766,Clerissa,Tondeur,ctondeurl9@webeden.co.uk,5639716314,39 Spohn Street
767,Staffard,Sackes,ssackesla@lycos.com,4799816863,41821 Gale Pass
768,Sven,Woollaston,swoollastonlb@businesswire.com,4025567444,6 Menomonie Circle
769,Fidelia,Sapsford,fsapsfordlc@ucla.edu,1846529097,602 1st Plaza
770,Halimeda,Postan,hpostanld@google.cn,7577777692,00378 Morning Hill
771,Reade,Sirr,rsirrle@mashable.com,3088105424,41 Eagle Crest Park
772,Evangelin,Cisco,eciscolf@amazon.co.jp,5596274157,6 Transport Parkway
773,Cher,Gow,cgowlg@shareasale.com,7202442719,09 Bonner Point
774,Cecil,Squire,csquirelh@xrea.com,1868845279,7696 Dakota Trail
775,Brock,Ganders,bgandersli@ehow.com,8278292969,26 Sullivan Lane
776,Sax,Olenin,soleninlj@mac.com,9382236849,56621 Maywood Alley
777,Abram,Bole,abolelk@seesaa.net,8283912019,181 Spenser Pass
778,Inger,Mawby,imawbyll@newyorker.com,3145588157,6661 Magdeline Junction
779,Mela,Pavolillo,mpavolillolm@apache.org,9927927694,959 Schiller Court
780,Skipton,Heritege,sheritegeln@howstuffworks.com,7356785846,1357 Dexter Way
781,Wyn,Liell,wlielllo@naver.com,2908539414,3289 Lien Park
782,Jeramie,Maben,jmabenlp@google.fr,4932876777,29 Old Gate Pass
783,Kalli,Zanini,kzaninilq@spiegel.de,4656167600,0681 Westport Terrace
784,Liliane,Jumonet,ljumonetlr@com.com,8345881845,57 Russell Junction
785,Creight,Clipson,cclipsonls@theatlantic.com,1489772015,2116 Hooker Parkway
786,Nicolis,Trimnell,ntrimnelllt@icio.us,5391118618,0 Beilfuss Street
787,Lanie,Maccari,lmaccarilu@woothemes.com,5733450634,708 Graedel Point
788,Jean,Cheale,jchealelv@networksolutions.com,6675804278,9638 Westport Trail
789,Fina,Stoffel,fstoffellw@parallels.com,9817180251,23523 Katie Parkway
790,Milly,Blaxley,mblaxleylx@apache.org,1428393918,838 Mitchell Junction
791,Pembroke,Attlee,pattleely@smh.com.au,6854149253,5840 Eggendart Street
792,Andris,Mc Giffin,amcgiffinlz@123-reg.co.uk,7398064958,306 Commercial Circle
793,Vivie,Natte,vnattem0@tinyurl.com,9736794389,75471 Schlimgen Terrace
794,Corissa,Cloughton,ccloughtonm1@intel.com,7379780102,47799 Center Drive
795,Cristiano,Roget,crogetm2@rediff.com,6512976015,61 Corben Road
796,Dillie,Paddeley,dpaddeleym3@1688.com,9616903697,7928 Badeau Place
797,Eileen,Aldersley,ealdersleym4@mozilla.org,7458289682,583 Bonner Drive
798,Alvera,Purseglove,apurseglovem5@wikimedia.org,5862086312,45416 Northfield Circle
799,Urban,Dealy,udealym6@google.com,7068679466,036 Mandrake Road
800,Leonid,Warbrick,lwarbrickm7@histats.com,7642832401,15123 Gateway Street
801,Isacco,Eliyahu,ieliyahum8@omniture.com,1632578627,57098 Stephen Plaza
802,Ursala,Dixey,udixeym9@abc.net.au,5699191945,5 Westerfield Lane
803,Emilee,Provest,eprovestma@yellowbook.com,3591675110,5186 Welch Drive
804,Merry,Scothern,mscothernmb@ftc.gov,8351040980,87981 Sommers Plaza
805,Liana,Wannan,lwannanmc@telegraph.co.uk,9365505287,636 Pankratz Court
806,Maddie,Daintith,mdaintithmd@yahoo.com,3734484172,116 Esker Junction
807,Temple,Chessell,tchessellme@scribd.com,6792776370,319 Rusk Trail
808,Noble,Chander,nchandermf@dell.com,5536753174,6055 Darwin Way
809,Clayton,Attersoll,cattersollmg@java.com,2197680910,1795 Susan Crossing
810,Hayden,Meldrum,hmeldrummh@miibeian.gov.cn,5671836220,19898 Spaight Place
811,Clark,Gilardoni,cgilardonimi@squarespace.com,8759208181,23 Maywood Parkway
812,Frieda,Weathey,fweatheymj@live.com,1404693036,999 Menomonie Trail
813,Aldin,Morden,amordenmk@cyberchimps.com,3927507678,3 John Wall Junction
814,Kania,Zecchinii,kzecchiniiml@lycos.com,6175263648,3270 Onsgard Road
815,Charlton,Rossin,crossinmm@icq.com,5924693080,1807 Prairieview Alley
816,Genvieve,Campo,gcampomn@facebook.com,4066640915,0 Anhalt Drive
817,Quincy,Ivchenko,qivchenkomo@hibu.com,4328179639,71165 Mitchell Point
818,Willi,Blofield,wblofieldmp@nhs.uk,2352107910,286 Dexter Pass
819,Dori,Maw,dmawmq@wikimedia.org,6612752876,543 Doe Crossing Plaza
820,Doralin,Gyorgy,dgyorgymr@npr.org,3788093690,7 Village Green Plaza
821,Kristal,McCurry,kmccurryms@si.edu,4369824835,2749 Fremont Crossing
822,Leodora,Sporgeon,lsporgeonmt@storify.com,9005041406,518 Nova Road
823,Aluino,Geaney,ageaneymu@google.co.jp,2282560019,944 Trailsway Circle
824,Marty,Thies,mthiesmv@discovery.com,6231110410,7 Donald Trail
825,Violetta,Hatfull,vhatfullmw@ibm.com,2185778598,185 Thompson Pass
826,Miles,Errichiello,merrichiellomx@salon.com,7572796329,2 Loeprich Drive
827,Rhett,Tilliard,rtilliardmy@ucsd.edu,8047524813,539 Hooker Junction
828,Josi,Machen,jmachenmz@over-blog.com,6044427159,79890 Fallview Alley
829,Shirline,Simonett,ssimonettn0@cmu.edu,8049438692,66 Buhler Terrace
830,Roseanna,Feedome,rfeedomen1@google.cn,2198211532,752 Debs Trail
831,Wat,Lawden,wlawdenn2@elpais.com,7554386578,479 Morrow Pass
832,Kenyon,Hargey,khargeyn3@spiegel.de,4783103426,30306 Sunnyside Hill
833,Justin,Grollmann,jgrollmannn4@eepurl.com,8235466874,2 Buena Vista Park
834,Stevy,McKinna,smckinnan5@google.com.au,3917524385,40991 Elmside Drive
835,Shawn,Braycotton,sbraycottonn6@creativecommons.org,8296417635,01 Dryden Center
836,Wheeler,Murtell,wmurtelln7@ocn.ne.jp,1256819462,2839 Parkside Crossing
837,Ernestus,Coomber,ecoombern8@phpbb.com,3228709019,0 Roxbury Parkway
838,Teddie,Mylechreest,tmylechreestn9@wisc.edu,5874370928,7930 Charing Cross Circle
839,Lazarus,Shovel,lshovelna@weibo.com,5239208818,18037 Morrow Road
840,Leisha,Blasing,lblasingnb@weebly.com,3368888300,1 Fulton Court
841,Kent,Kidwell,kkidwellnc@bigcartel.com,1429606880,32 Colorado Point
842,Lanna,Suddell,lsuddellnd@mapquest.com,6812996331,15538 Fremont Center
843,Esma,Northedge,enorthedgene@tinyurl.com,2134953005,54 1st Center
844,Ebonee,Sharer,esharernf@taobao.com,7021548389,4 Randy Way
845,Maurice,Bernardini,mbernardining@sogou.com,6494458331,76 Sherman Center
846,Norry,Quest,nquestnh@hugedomains.com,5697005944,5 Lunder Park
847,Devin,Burt,dburtni@mac.com,1822699309,43942 Scott Trail
848,Maryjane,Sogg,msoggnj@skype.com,2605911038,6671 Sutherland Court
849,Chelsae,Keal,ckealnk@vinaora.com,3792914124,7 3rd Drive
850,Brandie,Aston,bastonnl@cam.ac.uk,2517933558,5 Kipling Park
851,Aliza,Banisch,abanischnm@163.com,9213601719,7 Moulton Place
852,Dagmar,Hugnot,dhugnotnn@thetimes.co.uk,3123721783,46 4th Terrace
853,Wit,Ashborn,washbornno@vistaprint.com,9015625462,44516 Dapin Alley
854,Stacia,Pyrah,spyrahnp@cbsnews.com,9091610707,20832 Corry Parkway
855,Ivie,Baford,ibafordnq@dion.ne.jp,3633119623,3591 Memorial Circle
856,Leelah,Kidstone,lkidstonenr@is.gd,3129258800,86466 Summer Ridge Junction
857,Lyn,Whild,lwhildns@state.gov,9059290720,89 Union Terrace
858,Myrlene,Labell,mlabellnt@blogs.com,8547366899,2 Linden Parkway
859,Maxy,Hauger,mhaugernu@blogger.com,6203879109,58 Sullivan Circle
860,Ingaborg,Grevatt,igrevattnv@netlog.com,1832285365,376 Northridge Trail
861,Kira,Flacke,kflackenw@miibeian.gov.cn,1316983053,195 Fordem Street
862,Daria,Eich,deichnx@cisco.com,5182602464,6 Meadow Valley Circle
863,Marcos,Michelmore,mmichelmoreny@networkadvertising.org,7585289092,17799 Butterfield Trail
864,Lia,di Rocca,ldiroccanz@house.gov,1215202934,618 Esker Street
865,Albert,Caselli,acasellio0@vistaprint.com,9608013576,206 Hayes Lane
866,Sissy,Dorkins,sdorkinso1@google.co.uk,9027485136,935 Grover Terrace
867,Frannie,Illidge,fillidgeo2@behance.net,8144847984,96 Caliangt Avenue
868,Loni,Pogue,lpogueo3@ucoz.com,6909441749,20256 Troy Drive
869,Clarita,Lorking,clorkingo4@imageshack.us,5932372856,6 Green Pass
870,Kelcie,Cokely,kcokelyo5@google.com,9076112749,91688 Reinke Place
871,Easter,Schoenleiter,eschoenleitero6@techcrunch.com,3734660764,0625 Reindahl Road
872,Mischa,Zuanelli,mzuanellio7@huffingtonpost.com,5771172132,5339 Jackson Park
873,Yoko,Egglestone,yegglestoneo8@fda.gov,2321116253,92900 Londonderry Park
874,Fred,Kropp,fkroppo9@ow.ly,5908315706,0 Russell Parkway
875,Davy,Stanners,dstannersoa@ocn.ne.jp,4368329049,9 Farwell Park
876,Finlay,O' Liddy,foliddyob@irs.gov,5473074187,0421 Bayside Junction
877,Hayley,Duerdin,hduerdinoc@nsw.gov.au,8203434306,7 Prentice Circle
878,Kimball,De Fries,kdefriesod@cam.ac.uk,6625937412,24 Briar Crest Trail
879,Harri,Walentynowicz,hwalentynowiczoe@answers.com,2375144404,1 Magdeline Junction
880,Thornie,Dobrovolny,tdobrovolnyof@oaic.gov.au,8971845060,03173 Basil Point
881,Saundra,Bertot,sbertotog@abc.net.au,8123331188,36756 5th Trail
882,Eryn,Blowne,eblowneoh@umich.edu,6867930416,785 Sundown Alley
883,Jimmy,Acton,jactonoi@mapy.cz,7604111117,615 Luster Park
884,Wallace,Oxe,woxeoj@weibo.com,8658538292,1 Orin Drive
885,Borg,Venner,bvennerok@forbes.com,3606461387,14292 Green Ridge Park
886,Jard,McCallister,jmccallisterol@google.com.br,2696250940,11 Mitchell Crossing
887,Lucho,Kemmett,lkemmettom@alibaba.com,6716170491,947 Orin Lane
888,Tanya,Legges,tleggeson@java.com,3303611124,91 Nelson Pass
889,Chadwick,Dimitriades,cdimitriadesoo@whitehouse.gov,1544348645,25192 Clemons Court
890,Giorgio,Vasyagin,gvasyaginop@uiuc.edu,9451865995,899 Longview Alley
891,Danita,Poe,dpoeoq@merriam-webster.com,7572637600,8814 Shopko Center
892,Franchot,Bedle,fbedleor@jiathis.com,6022308210,01 Nova Terrace
893,Wilton,Gillbanks,wgillbanksos@miibeian.gov.cn,1162606448,94 Linden Alley
894,Carter,Schorah,cschorahot@adobe.com,5917613608,7 Marcy Road
895,Silvain,Flode,sflodeou@chronoengine.com,1674913105,2666 Dawn Point
896,Dena,Blackney,dblackneyov@plala.or.jp,8434973433,34 Texas Court
897,Normy,Tackell,ntackellow@omniture.com,8798547124,44154 Talisman Road
898,Davis,Arnaudin,darnaudinox@google.ru,6317866541,8359 Onsgard Alley
899,Dannye,Caldow,dcaldowoy@arizona.edu,1145918334,9580 Anderson Court
900,Agna,Chad,achadoz@a8.net,5591792058,1 Novick Hill
901,Jami,Krolak,jkrolakp0@yelp.com,1039292601,60695 Oxford Alley
902,Ruby,Itscowics,ritscowicsp1@yolasite.com,4501612550,5559 Crownhardt Avenue
903,Nissy,Leglise,nleglisep2@usa.gov,3919800261,743 Manitowish Court
904,Leo,Thiese,lthiesep3@seattletimes.com,5788265689,2839 Dryden Drive
905,Barby,Wing,bwingp4@google.ca,4231563949,529 Corscot Avenue
906,Roda,Strank,rstrankp5@amazon.co.jp,4129577263,7 Scott Plaza
907,Harwell,Huguet,hhuguetp6@cafepress.com,6934102056,14095 Delladonna Park
908,Lief,Dunkerly,ldunkerlyp7@wordpress.org,6628633218,67 Sachtjen Court
909,Dick,Bordes,dbordesp8@blogger.com,9369494059,5211 Main Plaza
910,Lynnett,Edyson,ledysonp9@aboutads.info,1414231485,3 Pleasure Way
911,Opaline,Piercy,opiercypa@businessweek.com,8578471197,463 Parkside Plaza
912,Jorge,Gaynes,jgaynespb@bloomberg.com,4872004151,638 Parkside Circle
913,Jerrome,Gaytor,jgaytorpc@studiopress.com,2614000386,27680 Tomscot Street
914,Sly,Tregoning,stregoningpd@si.edu,7088165706,03 Mendota Drive
915,Sly,Fresson,sfressonpe@kickstarter.com,3509378111,529 Anzinger Way
916,Edvard,Lacrouts,elacroutspf@zimbio.com,2912864366,34 Fremont Avenue
917,Jamil,Itscowics,jitscowicspg@behance.net,5017290112,0416 Golf View Plaza
918,Nissy,Goomes,ngoomesph@booking.com,6037330314,4 Mcbride Pass
919,Sidoney,Loxton,sloxtonpi@tripadvisor.com,1737042680,1 Fairview Circle
920,Gwenette,Tregidga,gtregidgapj@businesswire.com,9848489983,1460 Monterey Crossing
921,Neala,Flieger,nfliegerpk@sbwire.com,4701565280,68765 Hollow Ridge Crossing
922,Anni,Speares,aspearespl@paginegialle.it,9464508958,599 Veith Junction
923,Elita,O'Dea,eodeapm@bravesites.com,4652727778,981 Hanson Circle
924,Garvin,Mattiazzo,gmattiazzopn@acquirethisname.com,9112973424,6 Basil Parkway
925,Sena,Lace,slacepo@naver.com,3111142862,25 Ramsey Court
926,Jeffy,Hylden,jhyldenpp@cyberchimps.com,3785164731,3 Pawling Hill
927,Selestina,Whitfield,swhitfieldpq@webmd.com,5782389688,5 Del Mar Road
928,Jameson,Yegoshin,jyegoshinpr@dailymail.co.uk,7754282093,52 Clemons Junction
929,Michale,Rouse,mrouseps@opera.com,7244647913,543 Daystar Avenue
930,Timmie,Corns,tcornspt@seesaa.net,9694459604,21 Springview Crossing
931,Deonne,Edgeon,dedgeonpu@intel.com,5909096873,55656 Green Ridge Street
932,Kyla,Charles,kcharlespv@nydailynews.com,1584640803,195 Maple Wood Lane
933,Johann,Scoates,jscoatespw@elpais.com,2365218863,30 Dapin Center
934,Lind,Szwarc,lszwarcpx@flickr.com,3392790056,69 Merrick Lane
935,Cristie,Greystoke,cgreystokepy@who.int,9877848126,45433 Tony Street
936,Karrah,Midlar,kmidlarpz@princeton.edu,9055985441,4 Nevada Way
937,Chelsea,Croston,ccrostonq0@washingtonpost.com,1923937089,7 Esker Parkway
938,Malvina,Kimbrough,mkimbroughq1@soundcloud.com,1136418713,813 Eagan Junction
939,Silvano,Joselson,sjoselsonq2@hibu.com,8194106218,31380 Golf View Street
940,Emery,Kingham,ekinghamq3@auda.org.au,6773019127,0529 Superior Plaza
941,Micah,Ionesco,mionescoq4@indiatimes.com,7746010626,4 Nevada Hill
942,Danila,Diess,ddiessq5@cnbc.com,3302993820,4316 Westerfield Circle
943,Roberto,Soigne,rsoigneq6@mozilla.com,5381982130,48575 Bartelt Road
944,Letisha,Vinten,lvintenq7@clickbank.net,5598391422,1 Sachs Circle
945,Elwyn,Blankhorn,eblankhornq8@unc.edu,9853850645,463 Corscot Circle
946,Mart,Yalden,myaldenq9@newyorker.com,5662666648,9349 Tennessee Terrace
947,Kilian,Kenafaque,kkenafaqueqa@yahoo.com,5275266460,9 Novick Court
948,Pietro,Bannon,pbannonqb@salon.com,9589815361,3214 South Pass
949,Quent,Bysaker,qbysakerqc@skyrock.com,1301894909,966 Almo Parkway
950,Blondelle,Shippard,bshippardqd@over-blog.com,1339217676,516 Mayer Terrace
951,Juline,Lease,jleaseqe@sogou.com,4528531325,408 Clyde Gallagher Pass
952,Morgana,Fancott,mfancottqf@behance.net,5275778026,9733 Colorado Crossing
953,Stephenie,Stave,sstaveqg@livejournal.com,7007181779,13 Loeprich Terrace
954,Kathlin,Chatan,kchatanqh@upenn.edu,8569976312,6 Fair Oaks Street
955,Abra,Callar,acallarqi@bizjournals.com,1158218234,6550 Gerald Junction
956,Chastity,McFadden,cmcfaddenqj@globo.com,5014701281,07456 Rieder Trail
957,Leora,Cholomin,lcholominqk@i2i.jp,1385665741,57 Debra Hill
958,Dorelia,Gehrtz,dgehrtzql@domainmarket.com,6143711036,41 Russell Road
959,Clevie,Pfeifer,cpfeiferqm@java.com,7222244706,80 Macpherson Crossing
960,Fionna,Ciccotto,fciccottoqn@si.edu,5276564098,32032 Moland Place
961,Jacintha,Ardling,jardlingqo@loc.gov,3269658726,1 Emmet Drive
962,Padget,Masham,pmashamqp@berkeley.edu,9952031611,32 Eastlawn Drive
963,Dorian,Tregunna,dtregunnaqq@mysql.com,7696348108,3106 Nevada Street
964,Clarisse,Storkes,cstorkesqr@foxnews.com,6679528768,976 Doe Crossing Place
965,Maible,Troppmann,mtroppmannqs@zimbio.com,7316724376,84 Cordelia Place
966,Earlie,Daventry,edaventryqt@narod.ru,9752611236,97 Westerfield Lane
967,Kim,Prendergast,kprendergastqu@topsy.com,9873723334,077 Petterle Avenue
968,Chris,Argent,cargentqv@photobucket.com,3165036747,47313 Kenwood Lane
969,Vlad,Emlen,vemlenqw@un.org,4757052019,30 Express Trail
970,Estevan,Tewnion,etewnionqx@senate.gov,9939124901,85 Fordem Hill
971,Quentin,Kunath,qkunathqy@scribd.com,8222621686,88 Beilfuss Avenue
972,Tirrell,Swatten,tswattenqz@opensource.org,8196488827,0 Ilene Pass
973,Stephine,Schollick,sschollickr0@edublogs.org,5281413500,4 Oak Place
974,Jobie,Bremley,jbremleyr1@ed.gov,1592515737,984 Kingsford Road
975,Mignonne,Foort,mfoortr2@networksolutions.com,6248493758,4 Randy Avenue
976,Elga,Leehane,eleehaner3@webmd.com,6679265193,09 Maywood Pass
977,Helene,Waltho,hwalthor4@amazon.de,9703863669,95 Hazelcrest Center
978,Emmanuel,Burn,eburnr5@columbia.edu,9925394036,600 Kropf Court
979,Roshelle,Carlucci,rcarluccir6@vistaprint.com,2362730866,88 Truax Road
980,Eveleen,Beaton,ebeatonr7@cam.ac.uk,1689307249,7 Cordelia Parkway
981,Gregoor,Sobey,gsobeyr8@statcounter.com,6089605762,8903 Merrick Park
982,Merill,Red,mredr9@addtoany.com,4065384008,1724 Petterle Place
983,Norton,Stanway,nstanwayra@youtube.com,9114916754,575 Luster Place
984,Caren,Somerled,csomerledrb@bloglines.com,7333796583,21 Utah Street
985,Sinclair,Thresh,sthreshrc@nydailynews.com,7067726755,37 Donald Park
986,Tera,Omand,tomandrd@arstechnica.com,1568677826,99 Tennessee Trail
987,Brunhilde,Toffanelli,btoffanellire@mashable.com,6369083482,5824 Holmberg Crossing
988,Tobin,Fuggle,tfugglerf@altervista.org,3259749849,65 Claremont Place
989,Lauren,Shufflebotham,lshufflebothamrg@reuters.com,6897861694,77442 Rowland Park
990,Aubree,Dewett,adewettrh@sphinn.com,8128253548,5 Green Drive
991,Paul,Straffon,pstraffonri@state.gov,2134712676,9971 Veith Way
992,Ruperto,Larrington,rlarringtonrj@answers.com,8766621159,1 Anzinger Avenue
993,Emelen,Rubinowitsch,erubinowitschrk@edublogs.org,2952347457,75 Arrowood Alley
994,Bethany,Chasteau,bchasteaurl@simplemachines.org,2581721654,3 Cherokee Junction
995,Jasmina,Tollemache,jtollemacherm@dedecms.com,3165498506,8084 Thierer Junction
996,Ramsey,Lamcken,rlamckenrn@wunderground.com,7854944561,81782 Harbort Junction
997,Catherin,Witherspoon,cwitherspoonro@slashdot.org,9522314443,56 Grover Pass
998,Lou,Trevers,ltreversrp@pagesperso-orange.fr,6049999310,688 Darwin Street
999,Bennie,Paudin,bpaudinrq@sciencedirect.com,2063928344,1246 Fieldstone Court
1000,Mildrid,Beatty,mbeattyrr@wordpress.org,3335115518,2 3rd Crossing
